,start_GT,end_GT,From,To
0,1.49,6.57,NERA3788,F1-1
1,6.59,11.17,F1-1,NERA3788 GAA329
2,11.21,13.57,GAA329,F1-1
3,14.31,20.34,F1-1,USA268
4,20.74,22.75,USA268,F1-1
5,22.75,25.44,F1-1,USA268
6,25.43,26.36,USA268,F1-1
7,29.62,32.7,F1-1,N01C
8,33.07,34.69,N01C,F1-1
9,34.98,40.64,GAA329,F1-1
10,41.81,43.95,GAA329,F1-1
11,62.26,64.7,F1-1,GAA329
12,64.94,67.01,GAA329,F1-1
13,77.92,84.91,F1-1,GAA329
14,85.42,89.34,GAA329,F1-1
15,89.39,94.4,F1-1,GAA329
16,95.49,98.36,GAA329,F1-1
17,102.43,108.51,F1-1,NERA3788
18,108.55,112.0,NERA3788,F1-1
19,112.02,117.26,F1-1,NERA3788 GAA329
20,117.33,119.45,GAA329,F1-1
21,119.5,122.11,F1-1,N01C
22,122.32,123.29,N01C,F1-1
23,140.27,146.51,N21CM,F1-1
24,147.88,151.96,F1-1,N21CM
25,152.61,154.3,N21CM,F1-1
26,157.42,163.87,F1-1,N01C
27,164.11,165.19,N01C,F1-1
28,168.71,172.42,F1-1,N01C
29,172.42,173.72,N01C,F1-1
30,174.62,185.23,F1-1,N01C
31,185.73,188.29,N01C,F1-1
32,188.24,188.65,F1-1,N01C
33,189.96,194.98,NERA3725,F1-1
34,194.89,197.2,F1-1,NERA3725
35,214.01,218.82,PCN3571,F1-1
36,218.97,221.31,F1-1,PCN3571
37,226.93,230.79,F1-1,N21CM
38,231.08,234.22,N21CM,F1-1
39,234.22,237.08,F1-1,N21CM NERA3788
40,237.67,240.35,GAA329,F1-1
41,241.06,244.02,F1-1,N01C
42,244.29,244.9,N01C,F1-1
43,245.85,249.28,F1-1,N21CM
44,249.87,250.85,N21CM,F1-1
45,250.97,254.58,F1-1,N21CM
46,254.9,257.21,N21CM,F1-1
47,261.25,265.6,USA1588,F1-1
48,265.65,269.12,FAB1588,F1-1
49,269.37,272.2,USA1588,F1-1
50,273.56,276.69,NWA1178,F1-1
51,276.79,279.11,F1-1,NWA1178
52,281.22,285.36,F1-1,NERA3725
53,286.1,289.76,NERA3725,F1-1
54,291.38,295.38,SWR126,F1-1
55,295.71,302.0,F1-1,SWR126
56,302.12,305.94,SWR126,F1-1
57,306.1,308.95,F1-1,NWA1178
58,308.99,310.93,NWA1178,F1-1
59,322.81,331.04,F1-1,NERA3725
60,331.92,338.36,NERA3725,F1-1
61,338.99,344.19,F1-1,PCN3571
62,344.4,348.55,PCN3571,F1-1
63,348.56,353.42,F1-1,PCN3571 NERA3725
64,354.05,357.61,NERA3725,F1-1
65,357.67,363.37,F1-1,N21CM
66,363.54,364.6,N21CM,F1-1
67,365.13,367.8,F1-1,SWR126
68,367.91,370.6,SWR126,F1-1
69,370.73,373.18,F1-1,USA1588
70,373.36,375.34,USA1588,F1-1
71,375.29,377.88,F1-1,NWA1178
72,377.92,379.67,NWA1178,F1-1
73,390.73,393.13,F1-1,USA1588
74,393.52,395.53,USA1588,F1-1
75,404.82,410.08,F1-1,PCN3571
76,411.01,414.34,PCN3571,F1-1
77,414.38,418.22,F1-1,USA1588
78,419.45,422.78,USA1588,F1-1
79,422.9,425.45,F1-1,NWA1178
80,425.68,427.67,NWA1178,F1-1
81,427.73,430.92,F1-1,USA1588
82,430.99,433.63,USA1588,F1-1
83,435.62,438.44,USA884,F1-1
84,438.38,443.17,F1-1,USA884
85,443.26,443.92,USA884,F1-1
86,445.64,448.38,F1-1,SWR126
87,448.5,450.19,SWR126,F1-1
88,467.0,470.57,F1-1,SWR126
89,470.55,473.52,SWR126,F1-1
90,473.78,477.23,F1-1,NWA1178
91,477.47,480.06,NWA1178,F1-1
92,480.17,485.25,F1-1,USA1588
93,485.29,487.22,USA1588,F1-1
94,487.66,494.84,F1-1,NWA1178
95,495.53,499.67,NWA1178,F1-1
96,499.85,502.89,F1-1,NWA1178
97,503.23,505.08,NWA1178,F1-1
98,505.12,511.21,F1-1,NWA1178 SWR126
99,512.84,521.16,SWR126,F1-1
100,546.59,551.57,F1-1,NWA1178
101,552.48,555.56,NWA1178,F1-1
102,555.7,558.13,F1-1,USA884
103,558.4,560.26,USA884,F1-1
104,611.89,613.89,SWR126,F1-1
105,615.83,617.41,F1-1,SWR126
106,617.88,620.0,SWR126,F1-1
107,620.27,624.2,F1-1,SWR126
108,624.37,625.65,SWR126,F1-1
109,630.71,634.1,PAA536,F1-1
110,634.22,635.65,F1-1,PAA536
111,637.07,640.84,F1-1,USA884
112,641.31,643.53,USA884,F1-1
113,651.62,654.11,F1-1,USA884
114,654.11,655.27,USA884,F1-1
115,655.23,658.64,F1-1,USA884
116,659.0,660.76,USA884,F1-1
117,660.86,661.36,F1-1,USA884
118,661.61,664.93,USA884,F1-1
119,664.97,677.27,F1-1,USA884
120,677.89,681.0,USA884,F1-1
121,683.14,685.81,GAA458,F1-1
122,686.0,687.12,F1-1,GAA458
123,687.63,690.41,F1-1,SWR126
124,695.42,698.93,F1-1,PAA536
125,699.06,701.54,PAA536,F1-1
126,703.56,707.88,DAL258,F1-1
127,707.8,708.74,F1-1,DAL258
128,730.12,735.52,F1-1,USA884
129,736.33,741.36,USA884,F1-1
130,743.3,748.05,F1-1,PAA536
131,749.89,752.51,PAA536,F1-1
132,752.52,753.95,F1-1,PAA536
133,754.39,757.63,PAA536,F1-1
134,765.13,767.54,F1-1,GAA458
135,767.62,770.11,GAA458,F1-1
136,770.25,774.72,F1-1,GAA458
137,774.94,776.38,GAA458,F1-1
138,776.48,782.54,F1-1,GAA458
139,782.62,785.86,GAA458,F1-1
140,796.37,801.6,F1-1,USA884
141,802.08,806.5,USA884,F1-1
142,806.53,809.68,F1-1,PAA536
143,809.84,812.11,PAA536,F1-1
144,820.51,822.81,F1-1,DAL258
145,823.61,825.94,DAL258,F1-1
146,869.37,871.7,F1-1,DAL258
147,872.32,874.67,DAL258,F1-1
148,874.64,877.71,F1-1,GAA458
149,877.74,880.24,GAA458,F1-1
150,881.81,889.83,F1-1,PAA536
151,891.37,897.57,PAA536,F1-1
152,898.29,906.0,F1-1,USA884
153,906.38,909.54,USA884,F1-1
154,909.58,912.27,F1-1,USA884
155,912.39,913.6,USA884,F1-1
156,913.66,917.79,F1-1,USA884 PAA536
157,919.07,920.05,PAA536,F1-1
158,920.68,926.96,F1-1,DAL258
159,927.7,932.32,DAL258,F1-1
160,933.36,935.91,PCN3566,F1-1
161,935.87,937.9,F1-1,PCN3566
162,939.66,943.64,PCN3521,F1-1
163,944.23,946.12,F1-1,PCN3521
164,950.38,954.66,BTA3844,F1-1
165,954.68,956.49,F1-1,BTA3844
166,956.54,957.02,BTA3844,F1-1
167,1031.48,1033.99,F1-1,BTA3844
168,1034.12,1036.18,BTA3844,F1-1
169,1036.2,1039.91,F1-1,PCN3566
170,1039.94,1042.1,PCN3566,F1-1
171,1042.08,1046.59,F1-1,PCN3521
172,1046.83,1051.63,PCN3521,F1-1
173,1051.69,1058.71,F1-1,PCN3521
174,1058.85,1062.54,PCN3521,F1-1
175,1062.64,1068.65,F1-1,DAL258
176,1069.12,1071.43,DAL258,F1-1
177,1071.72,1078.83,F1-1,PCN3566
178,1078.86,1081.97,PCN3566,F1-1
179,1119.72,1124.75,F1-1,PCN3566
180,1124.79,1126.46,PCN3566,F1-1
181,1126.44,1133.87,F1-1,PCN3566
182,1133.91,1136.22,PCN3566,F1-1
183,1136.01,1138.59,F1-1,PCN3566 BTA3844
184,1138.66,1140.54,BTA3844,F1-1
185,1140.55,1143.16,F1-1,DAL258
186,1143.12,1144.62,DAL258,F1-1
187,1144.63,1147.62,F1-1,DAL258 PCN3521
188,1147.82,1148.92,PCN3521,F1-1
189,1148.88,1151.67,F1-1,PCN3521 PCN3566
190,1151.64,1152.66,PCN3566,F1-1
191,1162.63,1166.27,USA1524,F1-1
192,1166.19,1169.31,F1-1,USA1524
193,1169.71,1172.89,USA1524,F1-1
194,1211.77,1214.98,USA182,F1-1
195,1214.99,1217.78,F1-1,USA182
196,1218.14,1220.06,USA182,F1-1
197,1222.42,1225.21,F1-1,USA1524
198,1226.53,1228.49,USA1524,F1-1
199,1228.51,1231.16,F1-1,BTA3844
200,1231.19,1233.49,BTA3844,F1-1
201,1235.34,1238.0,F1-1,USA1524
202,1239.66,1241.44,USA1524,F1-1
203,1241.36,1246.66,F1-1,USA1524
204,1247.83,1251.38,USA1524,F1-1
205,1251.43,1256.6,F1-1,USA1524
206,1257.08,1259.61,USA1524,F1-1
207,1259.95,1264.92,F1-1,BTA3844
208,1265.3,1267.53,BTA3844,F1-1
209,1298.66,1301.26,F1-1,USA182
210,1302.02,1303.91,USA182,F1-1
211,1319.85,1322.49,GAA418,F1-1
212,1322.64,1324.61,F1-1,GAA418
213,1326.28,1330.48,F1-1,BTA3844
214,1330.77,1333.15,BTA3844,F1-1
215,1333.13,1339.15,F1-1,USA1524
216,1339.71,1341.5,USA1524,F1-1
217,1341.88,1344.85,F1-1,USA182
218,1345.21,1347.05,USA182,F1-1
219,1347.2,1352.79,F1-1,BTA3844
220,1352.95,1355.55,BTA3844,F1-1
221,1372.54,1374.91,GAA418,F1-1
222,1374.93,1377.21,F1-1,GAA418
223,1377.61,1378.31,GAA418,F1-1
224,1378.64,1385.22,F1-1,USA182
225,1385.56,1388.41,USA182,F1-1
226,1411.66,1415.69,F1-1,GAA418
227,1415.71,1418.65,GAA418,F1-1
228,1418.67,1423.14,F1-1,GAA418 BTA3844
229,1423.17,1426.11,BTA3844,F1-1
230,1426.12,1431.95,F1-1,BTA3844 USA182
231,1432.37,1434.34,USA182,F1-1
232,1541.89,1547.1,TAP322,F1-1
233,1547.27,1550.25,F1-1,TAP322
234,1550.64,1551.36,TAP322,F1-1
235,1551.8,1554.2,F1-1,GAA418
236,1554.58,1556.23,GAA418,F1-1
237,1558.27,1561.34,F1-1,BTA3806
238,1566.97,1571.44,GAA500,F1-1
239,1572.16,1575.48,F1-1,GAA500
240,1575.63,1576.48,GAA500,F1-1
241,1580.42,1584.59,AAL736,F1-1
242,1585.48,1589.69,F1-1,AAL736
243,1589.67,1592.39,AAL736,F1-1
244,1623.35,1626.55,BTA3806,F1-1
245,1626.77,1629.92,F1-1,BTA3806
246,1630.19,1632.34,BTA3806,F1-1
247,1632.36,1635.02,F1-1,TAP322
248,1635.19,1637.9,TAP322,F1-1
249,1654.45,1656.74,F1-1,AAL736
250,1656.7,1658.81,AAL736,F1-1
251,1662.67,1665.01,F1-1,BTA3806
252,1665.3,1667.42,BTA3806,F1-1
253,1667.54,1672.58,F1-1,TAP322
254,1673.4,1677.15,TAP322,F1-1
255,1677.14,1679.86,F1-1,TAP322 BTA3806
256,1680.12,1681.6,BTA3806,F1-1
257,1686.48,1690.39,F1-1,GAA500
258,1690.64,1694.16,GAA500,F1-1
259,1694.31,1696.36,F1-1,GAA500
260,1696.6,1697.96,GAA500,F1-1
261,1697.99,1698.38,F1-1,GAA500
262,1713.66,1715.99,F1-1,AAL736
263,1716.15,1718.0,AAL736,F1-1
264,1718.11,1719.54,F1-1,ATL405
265,1720.26,1723.07,ATL405,F1-1
266,1723.02,1726.25,F1-1,ATL405
267,1727.11,1729.64,ATL405,F1-1
268,1729.63,1732.09,F1-1,ATL405 BTA3606
269,1732.24,1734.53,BTA3806,F1-1
270,1736.83,1740.95,F1-1,AAL736
271,1741.92,1744.78,AAL736,F1-1
272,1744.79,1749.33,F1-1,AAL736
273,1749.51,1751.13,AAL736,F1-1
274,1751.23,1751.73,F1-1,AAL736
275,1751.86,1752.57,AAL736,F1-1
276,1755.74,1758.31,COM915,F1-1
277,1758.3,1759.84,F1-1,COM915
278,1761.44,1770.39,F1-1,BTA3806
279,1770.79,1773.8,BTA3806,F1-1
280,1773.77,1777.46,F1-1,BTA3806
281,1777.86,1780.22,BTA3896,F1-1
282,1781.07,1782.61,F1-1,GAA500
283,1783.59,1785.69,GAA500,F1-1
284,1785.75,1787.64,F1-1,GAA500
285,1787.81,1788.48,GAA500,F1-1
286,1788.98,1793.56,F1-1,ATL405
287,1794.51,1798.45,ATL405,F1-1
288,1798.42,1799.37,F1-1,ATL405
289,1799.61,1801.13,ATL405,F1-1
290,1801.27,1809.23,F1-1,TAP322
291,1809.37,1811.09,TAP322,F1-1
292,1811.26,1816.53,F1-1,TAP322
293,1816.59,1819.79,TAP322,F1-1
294,1819.77,1826.6,F1-1,TAP322 ATL405
295,1827.07,1829.19,ATL405,F1-1
296,1829.19,1834.03,F1-1,AAL736
297,1834.02,1835.24,AAL736,F1-1
298,1835.69,1839.52,COA1072,F1-1
299,1839.57,1840.83,F1-1,COA1072
300,1841.11,1843.88,F1-1,TPS1080
301,1844.15,1846.68,F1-1,TPS1080
302,1846.76,1848.41,TPS1080,F1-1
303,1848.48,1850.68,F1-1,TPS1080 GAA500
304,1853.1,1857.89,F1-1,COM915
305,1857.91,1861.46,COM915,F1-1
306,1862.74,1865.27,CFL2112,F1-1
307,1865.22,1868.18,F1-1,CFL2112
308,1868.14,1868.83,CFL2112,F1-1
309,1868.94,1870.77,F1-1,TPS1080
310,1872.59,1874.47,TPS1080,F1-1
311,1874.45,1879.37,F1-1,BTA3806
312,1879.75,1881.47,BTA3806,F1-1
313,1883.11,1890.22,F1-1,COM915
314,1890.55,1895.27,COM915,F1-1
315,1895.29,1899.07,F1-1,COM915 TAP322
316,1899.39,1902.08,TAP322,F1-1
317,1902.06,1904.41,F1-1,ATL405
318,1904.72,1906.08,ATL405,F1-1
319,1906.11,1910.16,F1-1,COM915
320,1910.13,1911.77,COM915,F1-1
321,1911.73,1918.92,F1-1,NERA3727
322,1928.96,1930.52,NERA3727,F1-1
323,1930.53,1936.87,F1-1,NERA3727
324,1937.32,1941.92,NERA3727,F1-1
325,1943.43,1946.45,F1-1,TPS1080
326,1946.71,1949.86,TPS1080,F1-1
327,1986.48,1989.81,F1-1,COA1072
328,1990.42,1993.74,COA1072,F1-1
329,1993.72,2001.02,F1-1,COA1072 TPS1080
330,2001.35,2005.67,TPS1080,F1-1
331,2005.66,2010.49,F1-1,TPS1080
332,2011.04,2013.04,TPS1080,F1-1
333,2040.33,2042.79,F1-1,COA1072
334,2043.76,2045.76,COA1072,F1-1
335,2046.09,2048.41,F1-1,CFL2112
336,2048.65,2050.67,CFL2112,F1-1
337,2062.96,2068.0,F1-1,NERA3727
338,2068.33,2070.64,NERA3727,F1-1
339,2070.84,2074.55,F1-1,CFL2112
340,2076.63,2081.11,F1-1,TAP322
341,2081.17,2082.19,TAP322,F1-1
342,2083.96,2086.82,PCN3508,F1-1
343,2087.05,2088.47,F1-1,PCN3508
344,2091.02,2095.39,F1-1,TPS1080
345,2095.65,2097.36,TPS1080,F1-1
346,2097.38,2100.86,F1-1,COA1072
347,2100.94,2103.51,COA1072,F1-1
348,2103.59,2108.5,F1-1,CFL2112
349,2108.65,2110.25,CFL2112,F1-1
350,2110.25,2113.51,F1-1,CFL2112
351,2114.03,2115.23,CFL2112,F1-1
352,2115.29,2121.05,F1-1,COA1072
353,2121.35,2124.05,COA1072,F1-1
354,2124.95,2128.39,SKM61,F1-1
355,2128.41,2130.37,F1-1,SKM61
356,2131.14,2133.86,COA380,F1-1
357,2134.02,2136.48,F1-1,COA380
358,2136.56,2138.2,COA380,F1-1
359,2147.59,2149.79,F1-1,PCN3508
360,2149.83,2151.94,PCN3508,F1-1
361,2152.52,2155.49,F1-1,COA1072
362,2156.76,2159.82,COA1072,F1-1
363,2167.82,2174.93,F1-1,COA1072
364,2175.46,2178.81,COA1072,F1-1
365,2178.83,2183.27,F1-1,PCN3508
366,2183.51,2185.27,PCN3508,F1-1
367,2185.87,2189.78,F1-1,PCN3508
368,2190.01,2191.77,PCN3508,F1-1
369,2191.73,2194.65,F1-1,PCN3508
370,2194.82,2197.02,PCN3508,F1-1
371,2202.28,2204.51,F1-1,AWE826
372,2206.69,2208.12,F1-1,AWE826
373,2236.32,2238.77,F1-2,PCN3508
374,2238.83,2241.81,PCN3508,F1-2
375,2241.79,2243.37,F1-2,AWE826
376,2243.78,2245.53,AWE826,F1-2
377,2245.49,2248.51,F1-2,AWE826
378,2248.91,2251.57,AWE826,F1-2
379,2252.61,2254.64,F1-2,COA380
380,2254.69,2256.36,COA380,F1-2
381,2269.05,2273.75,F1-2,SKM61
382,2274.52,2278.12,SKM61,F1-2
383,2284.38,2288.74,USA1615,F1-2
384,2288.76,2290.91,F1-2,COA1072
385,2291.36,2292.7,COA1072,F1-2
386,2293.1,2295.23,F1-2,AWE826
387,2295.88,2297.86,AWE826,F1-2
388,2297.9,2300.46,F1-2,USA1615
389,2300.92,2303.31,USA1615,F1-2
390,2303.42,2305.52,F1-2,PCN3508
391,2305.73,2308.08,PCN3508,F1-2
392,2308.12,2309.93,F1-2,CFL2112
393,2310.11,2311.48,CFL2112,F1-2
394,2311.55,2314.7,F1-2,COA380
395,2314.76,2317.47,COA380,F1-2
396,2317.64,2320.72,F1-2,AWE826
397,2321.27,2324.61,AWE826,F1-2
398,2325.34,2327.48,F1-2,PCN3508
399,2330.44,2332.96,F1-2,PCN3508
400,2333.26,2335.38,PCN3508,F1-2
401,2335.35,2337.89,F1-2,PCN3508
402,2338.15,2340.66,PCN3508,F1-2
403,2340.75,2343.6,F1-2,COA380
404,2343.72,2346.42,COA380,F1-2
405,2346.43,2349.68,F1-2,AWE826
406,2350.81,2353.98,AWE826,F1-2
407,2353.95,2356.24,F1-2,USA1615
408,2356.82,2359.55,USA1615,F1-2
409,2359.55,2361.45,F1-2,PCN3508
410,2361.49,2363.16,PCN3508,F1-2
411,2363.09,2366.02,F1-2,SKM61
412,2366.69,2369.77,SKM61,F1-2
413,2369.7,2372.28,F1-2,SKM61
414,2372.91,2376.48,SKM61,F1-2
415,2377.63,2379.74,DAL1776,F1-2
416,2381.18,2383.74,F1-2,USA1615
417,2383.84,2385.63,USA1615,F1-2
418,2385.66,2387.63,F1-2,COA380
419,2387.88,2388.84,COA380,F1-2
420,2389.01,2391.45,F1-2,SKM61
421,2391.88,2393.28,SKM61,F1-2
422,2393.37,2396.51,F1-2,DAL1776
423,2396.66,2399.52,DAL1776,F1-2
424,2399.47,2405.63,F1-2,AWE826
425,2406.05,2409.54,AWE826,F1-2
426,2409.52,2416.92,F1-2,COA380
427,2416.93,2421.81,COA380,F1-2
428,2421.86,2424.77,F1-2,AWE826
429,2424.76,2426.93,AWE826,F1-2
430,2428.4,2431.75,F1-2,USA1615
431,2432.28,2435.8,USA1615,F1-2
432,2435.84,2439.51,F1-2,DAL1776
433,2439.81,2442.72,DAL1776,F1-2
434,2443.62,2446.23,F1-2,AWE826
435,2446.88,2448.38,AWE826,F1-2
436,2448.47,2451.84,F1-2,COA380
437,2452.28,2453.32,COA380,F1-2
438,2455.97,2459.33,BTA3854,F1-2
439,2459.34,2461.33,F1-2,BTA3854
440,2464.2,2466.28,UAL174,F1-2
441,2466.28,2468.88,F1-2,UAL174
442,2469.09,2470.94,UAL174,F1-2
443,2470.95,2473.44,F1-2,DAL1776
444,2473.47,2475.55,DAL1776,F1-2
445,2475.69,2483.15,F1-2,USA1615
446,2483.59,2486.97,USA1615,F1-2
447,2490.44,2494.38,F1-2,USA1615
448,2494.48,2496.12,USA1615,F1-2
449,2518.23,2522.1,F1-2,UAL174
450,2522.32,2524.87,UAL174,F1-2
451,2538.01,2540.46,F1-2,BTA3854
452,2540.8,2542.78,BTA3854,F1-2
453,2542.8,2550.55,F1-2,DAL1776
454,2550.77,2554.03,DAL1776,F1-2
455,2554.06,2556.82,F1-2,COA380
456,2556.83,2558.09,COA380,F1-2
457,2559.33,2564.86,DAL110,F1-2
458,2565.77,2568.85,F1-2,DAL110
459,2569.23,2571.96,DAL110,F1-2
460,2603.3,2606.44,F1-2,BTA3854
461,2606.34,2608.59,BTA3854,F1-2
462,2609.21,2613.9,F1-2,DAL110
463,2615.15,2616.07,DAL110,F1-2
464,2634.77,2637.86,F1-2,USA1615
465,2638.05,2638.87,USA1615,F1-2
466,2639.93,2643.58,F1-2,BTA3854
467,2644.1,2645.83,BTA3854,F1-2
468,2645.87,2651.31,F1-2,BTA3854
469,2651.94,2656.13,BTA3854,F1-2
470,2656.38,2659.02,F1-2,UAL174
471,2659.37,2661.11,UAL174,F1-2
472,2663.45,2667.28,F1-2,DAL1776
473,2667.61,2669.33,DAL1776,F1-2
474,2672.16,2675.76,F1-2,UAL174
475,2676.1,2678.26,UAL174,F1-2
476,2678.31,2680.58,F1-2,DAL110
477,2680.67,2682.92,DAL110,F1-2
478,2713.83,2716.82,F1-2,DAL110
479,2716.92,2719.77,DAL110,F1-2
480,2734.08,2740.4,F1-2,UAL174
481,2740.91,2744.67,UAL174,F1-2
482,2751.1,2753.79,F1-2,DAL1776
483,2754.16,2755.8,DAL1776,F1-2
484,2759.27,2761.37,F1-2,DAL110
485,2761.5,2763.13,DAL110,F1-2
486,2799.39,2801.58,F1-2,BTA3854
487,2801.81,2803.77,BTA3854,F1-2
488,2811.06,2816.1,F1-2,DAL110
489,2816.31,2819.82,DAL110,F1-2
490,2820.57,2825.91,F1-2,BTA3854
491,2825.92,2827.21,BTA3854,F1-2
492,2872.04,2876.07,F1-2,UAL174
493,2876.37,2877.58,UAL174,F1-2
494,2879.55,2882.84,F1-2,DAL110
495,2883.46,2884.76,DAL110,F1-2
496,2887.61,2889.94,F1-2,ALL
497,2935.2,2938.21,F1-2,UAL174
498,2938.26,2939.82,UAL174,F1-2
499,2947.33,2951.94,F1-2,DAL110
500,2952.35,2956.16,DAL110,F1-2
501,2956.44,2958.21,F1-2,DAL110
502,2958.38,2958.97,DAL110,F1-2
503,2994.89,2997.71,F1-2,DAL110
504,2997.77,2998.45,DAL110,F1-2
505,3037.46,3040.28,UAL92,F1-2
506,3040.95,3043.94,F1-2,UAL92
507,3043.93,3045.97,UAL92,F1-2
508,3092.74,3095.14,F1-2,UAL92
509,3095.15,3097.53,UAL92,F1-2
510,3099.97,3102.48,UAL92,F1-2
511,3102.77,3105.4,F1-2,UAL92
512,3105.88,3106.52,UAL92,F1-2
513,3125.04,3131.35,LHA422,F1-2
514,3131.41,3135.52,F1-2,LHA422
515,3136.18,3139.64,LHA422,F1-2
516,3150.94,3154.47,F1-2,UAL92
517,3154.92,3159.26,UAL92,F1-2
518,3159.6,3162.18,F1-2,LHA422
519,3162.69,3165.93,LHA422,F1-2
520,3169.78,3171.69,F1-2,UAL92
521,3172.42,3173.45,UAL92,F1-2
522,3189.05,3195.94,F1-2,UAL92
523,3196.54,3201.1,UAL92,F1-2
524,3255.37,3259.23,F1-2,UAL92
525,3259.32,3260.63,UAL92,F1-2
526,3261.05,3263.91,F1-2,UAL92
527,3263.86,3264.99,UAL92,F1-2
528,3288.18,3294.05,F1-2,LHA422
529,3294.95,3298.83,LHA422,F1-2
530,3403.16,3407.61,F1-2,LHA422
531,3408.69,3410.41,LHA422,F1-2
532,3412.97,3414.29,F1-2,NWA182
533,3423.56,3424.91,F1-2,NWA182
534,3434.22,3437.52,F1-2,LHA422
535,3437.83,3440.47,LHA422,F1-2
536,3448.27,3449.74,F1-2,NWA182
537,3462.86,3465.97,NWA182,F1-2
538,3465.93,3469.06,F1-2,NWA182
539,3469.25,3472.78,NWA182,F1-2
540,3484.62,3489.43,AAL94,F1-2
541,3491.95,3492.87,F1-2,AAL94
542,3495.24,3498.05,AAL94,F1-2
543,3498.2,3500.62,F1-2,AAL94
544,3501.16,3503.85,AAL94,F1-2
545,3503.97,3507.24,F1-2,NWA182
546,3507.65,3510.9,NWA182,F1-2
547,3549.78,3552.1,F1-2,AAL94
548,3552.67,3554.81,AAL94,F1-2
549,3556.98,3564.35,F1-2,NWA182
550,3564.66,3572.91,NWA182,F1-2
551,3573.16,3577.22,F1-2,NWA182
552,3577.81,3581.2,NWA182,F1-2
553,3583.12,3584.61,PAA538,F1-2
554,3586.76,3588.74,F1-2,PAA538
555,3588.97,3591.15,PAA538,F1-2
556,3599.7,3603.84,F1-2,NWA182
557,3605.17,3606.68,NWA182,F1-2
558,3606.66,3608.7,F1-2,AAL94
559,3609.42,3612.01,AAL94,F1-2
560,3614.83,3616.72,COA620,F1-2
561,3617.02,3619.58,F1-2,COA620
562,3620.22,3621.3,COA620,F1-2
563,3632.26,3635.64,F1-2,PAA538
564,3635.82,3638.76,PAA538,F1-2
565,3638.87,3641.45,F1-2,NWA182
566,3641.59,3643.48,NWA182,F1-2
567,3643.83,3647.2,F1-2,AAL94
568,3647.64,3650.98,AAL94,F1-2
569,3651.02,3653.8,F1-2,PAA538
570,3654.65,3656.23,PAA538,F1-2
571,3657.55,3659.78,F1-2,COA620
572,3659.77,3661.18,COA620,F1-2
573,3675.44,3677.75,F1-2,PAA538
574,3677.81,3680.04,PAA538,F1-2
575,3685.22,3690.62,F1-2,AAL94
576,3691.26,3695.49,AAL94,F1-2
577,3697.49,3699.69,F1-2,COA620
578,3700.65,3701.64,COA620,F1-2
579,3702.2,3704.06,COA620,F1-2
580,3704.64,3706.37,F1-2,COA620
581,3711.7,3714.07,F1-2,AAL94
582,3714.63,3716.11,AAL94,F1-2
583,3721.68,3723.92,F1-2,PAA538
584,3724.03,3725.58,PAA538,F1-2
585,3733.81,3736.75,F1-2,PAA538
586,3736.92,3739.46,PAA538,F1-2
587,3739.47,3741.25,F1-2,NWA1876
588,3752.12,3754.13,F1-2,COA620
589,3754.25,3755.04,COA620,F1-2
590,3757.43,3762.69,F1-2,PAA538
591,3763.15,3769.77,PAA538,F1-2
592,3769.75,3771.45,F1-2,NWA1876
593,3781.59,3784.16,F1-2,AAL94
594,3784.4,3785.93,AAL94,F1-2
595,3787.21,3791.38,F1-2,COA620
596,3791.4,3792.25,COA620,F1-2
597,3796.06,3797.89,F1-2,NWA1876
598,3798.11,3800.98,NWA1876,F1-2
599,3801.09,3803.38,F1-2,NWA1876
600,3803.4,3804.53,NWA1876,F1-2
601,3824.3,3826.81,F1-2,NWA1876
602,3826.94,3828.86,NWA1876,F1-2
603,3829.74,3835.98,F1-2,COA620
604,3836.41,3837.23,COA620,F1-2
605,3850.46,3854.73,F1-2,NWA1876
606,3855.2,3857.56,NWA1876,F1-2
607,3866.73,3870.14,F1-2,COA620
608,3870.42,3871.18,COA620,F1-2
609,3872.67,3876.04,F1-2,NWA1876
610,3876.74,3879.0,NWA1876,F1-2
611,3879.09,3882.37,F1-2,PAA538
612,3882.79,3883.59,PAA538,F1-2
613,3884.37,3887.02,USA2058,F1-2
614,3887.0,3889.28,F1-2,USA2058
615,3889.49,3890.79,USA2058,F1-2
616,3891.9,3894.25,F1-2,PAA538
617,3894.31,3895.86,PAA538,F1-2
618,3896.02,3896.48,F1-2,PAA538
619,3913.76,3916.15,F1-2,NWA1876
620,3916.46,3918.43,NWA1876,F1-2
621,3918.87,3921.1,F1-2,COA620
622,3922.73,3923.61,COA620,F1-2
623,3924.88,3927.25,F1-2,PAA538
624,3927.32,3928.0,PAA538,F1-2
625,3935.08,3937.27,F1-2,USA2058
626,3937.52,3939.23,USA2058,F1-2
627,3940.35,3946.02,F1-2,NWA1876
628,3946.75,3949.96,NWA1876,F1-2
629,3952.7,3956.38,F1-2,USA2058
630,3956.3,3958.58,USA2058,F1-2
631,3979.66,3983.46,F1-2,NWA1876
632,3983.75,3984.56,NWA1876,F1-2
633,3985.23,3987.94,F1-2,COA620
634,3988.21,3989.22,COA620,F1-2
635,4012.48,4019.48,F1-2,USA2058
636,4019.94,4021.61,USA2058,F1-2
637,4064.6,4072.18,F1-2,USA2058
638,4072.49,4073.45,USA2058,F1-2
639,4108.11,4111.59,F1-2,NWA1876
640,4111.95,4113.22,NWA1876,F1-2
641,4174.91,4177.93,F1-2,USA2058
642,4177.95,4179.14,USA2058,F1-2
643,4274.06,4279.32,COA358,F1-2
644,4279.94,4282.39,F1-2,COA358
645,4363.29,4365.7,F1-2,COA358
646,4366.09,4368.58,COA358,F1-2
647,4390.42,4395.99,SHR135,F1-2
648,4396.29,4402.06,F1-2,SHR135
649,4402.07,4405.99,SHR135,F1-2
650,4409.85,4412.17,F1-2,COA358
651,4412.66,4415.64,COA358,F1-2
652,4457.47,4463.81,F1-2,COA358
653,4464.83,4472.07,COA358,F1-2
654,4472.08,4475.02,F1-2,COA358
655,4475.83,4478.05,COA358,F1-2
656,4480.78,4483.17,SHR135,F1-2
657,4483.23,4484.8,F1-2,SHR135
658,4512.23,4515.06,PAA796,F1-2
659,4515.13,4518.34,F1-2,PAA796
660,4518.78,4520.38,PAA796,F1-2
661,4523.49,4527.3,GAA463,F1-2
662,4527.81,4530.4,F1-2,GAA463
663,4530.64,4532.25,GAA463,F1-2
664,4534.85,4540.87,F1-2,COA358
665,4542.06,4545.93,COA358,F1-2
666,4546.42,4555.23,F1-2,SHR135
667,4555.54,4559.56,SHR135,F1-2
668,4577.16,4580.74,AAL166,F1-2
669,4580.83,4585.29,F1-2,AAL166
670,4585.51,4589.71,AAL166,F1-2
671,4590.38,4593.33,F1-2,COA358
672,4593.47,4595.32,COA358,F1-2
673,4607.8,4609.65,AAL166,F1-2
674,4609.61,4611.04,F1-2,AAL166
675,4611.22,4613.29,AAL166,F1-2
676,4613.37,4616.38,F1-2,AAL166
677,4616.77,4618.61,AAL166,F1-2
678,4641.79,4644.48,F1-2,GAA463
679,4644.51,4647.02,GAA463,F1-2
680,4660.07,4661.99,F1-2,AAL166
681,4662.24,4664.36,AAL166,F1-2
682,4671.56,4677.68,F1-2,SHR135
683,4677.81,4678.95,SHR135,F1-2
684,4685.91,4688.26,F1-2,AAL166
685,4688.22,4690.74,AAL166,F1-2
686,4691.31,4694.8,F1-2,PAA796
687,4695.19,4697.41,PAA796,F1-2
688,4697.88,4701.0,F1-2,SHR135
689,4701.11,4701.97,SHR135,F1-2
690,4713.46,4715.87,F1-2,GAA463
691,4715.89,4718.16,GAA463,F1-2
692,4728.74,4737.11,F1-2,PAA796
693,4737.53,4741.41,PAA796,F1-2
694,4744.98,4747.77,GAA463,F1-2
695,4747.76,4755.45,F1-2,GAA463
696,4755.74,4761.35,GAA463,F1-2
697,4765.73,4768.74,F1-2,PAA796
698,4769.27,4770.57,PAA796,F1-2
699,4770.63,4774.03,F1-2,AAL166
700,4774.16,4777.57,AAL166,F1-2
701,4814.24,4816.74,F1-2,AAL166
702,4816.88,4819.2,AAL166,F1-2
703,4821.96,4826.58,NERA3768,F1-2
704,4826.79,4828.93,F1-2,NERA3768
705,4831.45,4835.04,F1-2,PAA796
706,4835.69,4836.69,PAA796,F1-2
707,4845.34,4848.84,F1-2,AAL166
708,4849.32,4853.38,AAL166,F1-2
709,4853.37,4857.14,F1-2,GAA463
710,4857.41,4858.79,GAA463,F1-2
711,4876.62,4879.56,F1-2,PAA796
712,4879.6,4880.51,PAA796,F1-2
713,4891.88,4897.09,DAL590,F1-2
714,4897.05,4899.02,F1-2,DAL590
715,4899.18,4900.9,DAL590,F1-2
716,4901.16,4906.92,F1-2,AAL166
717,4907.63,4909.56,AAL166,F1-2
718,4913.81,4917.77,DAL589,F1-2
719,4917.79,4921.38,F1-2,DAL589
720,4922.44,4924.61,DAL589,F1-2
721,4924.71,4927.17,F1-2,NERA3768
722,4927.4,4929.33,NERA3768,F1-2
723,4929.5,4931.66,F1-2,DAL590
724,4933.73,4935.82,DAL590,F1-2
725,4936.13,4940.59,F1-2,DAL589
726,4942.11,4942.85,UNK,F1-2
727,4943.18,4944.49,F1-2,DAL589
728,4945.01,4946.79,DAL589,F1-2
729,4948.31,4950.24,F1-2,NERA3768
730,4951.17,4953.07,NERA3768,F1-2
731,4953.08,4956.93,F1-2,NERA3768 GAA463
732,4957.39,4960.6,GAA463,F1-2
733,4960.99,4964.28,F1-2,AAL166
734,4964.57,4965.79,AAL166,F1-2
735,4969.06,4971.71,F1-2,DAL589
736,4972.37,4973.64,DAL589,F1-2
737,4977.47,4981.34,NERA3776,F1-2
738,4981.48,4983.59,F1-2,NERA3776
739,4987.06,4989.74,F1-2,NERA3768
740,4990.25,4991.8,NERA3768,F1-2
741,4993.41,4996.13,F1-2,GAA463
742,4996.15,4997.94,GAA463,F1-2
743,4999.89,5002.68,F1-2,DAL590
744,5002.97,5004.52,DAL590,F1-2
745,5005.52,5009.24,F1-2,DAL589
746,5009.85,5012.93,DAL589,F1-2
747,5022.63,5024.79,F1-2,DAL590
748,5024.86,5026.81,DAL590,F1-2
749,5036.72,5039.88,F1-2,DAL590
750,5039.86,5042.25,DAL590,F1-2
751,5045.91,5048.99,ACA806,F1-2
752,5049.14,5051.17,F1-2,ACA806
753,5051.7,5053.68,ACA806,F1-2
754,5053.65,5056.15,F1-2,NERA3776
755,5056.62,5059.05,NERA3776,F1-2
756,5060.5,5062.71,F1-2,DAL590
757,5063.77,5065.38,DAL590,F1-2
758,5065.37,5067.39,F1-2,DAL589
759,5067.82,5069.8,DAL589,F1-2
760,5069.72,5072.12,F1-2,NERA3768
761,5073.2,5074.35,NERA3768,F1-2
762,5075.99,5077.72,NERA3768,F1-2
763,5077.75,5078.21,F1-2,NERA3768
764,5079.34,5081.77,F1-2,NERA3768
765,5082.66,5084.56,NERA3768,F1-2
766,5086.54,5093.81,F1-2,DAL590
767,5093.99,5100.24,DAL590,F1-2
768,5100.4,5103.13,F1-2,AAL166
769,5103.26,5104.35,AAL166,F1-2
770,5104.53,5110.21,F1-2,DAL589
771,5111.59,5115.04,DAL589,F1-2
772,5115.16,5118.58,F1-2,ACA806
773,5118.83,5122.51,ACA806,F1-2
774,5123.94,5130.35,F1-2,NERA3768
775,5131.45,5134.69,NERA3768,F1-2
776,5135.03,5137.15,F1-2,NERA3776
777,5137.36,5139.86,NERA3776,F1-2
778,5139.82,5140.4,F1-2,NERA3776
779,5150.9,5153.7,F1-2,DAL590
780,5153.93,5155.74,DAL590,F1-2
781,5161.0,5163.48,F1-2,DAL589
782,5164.3,5166.61,DAL589,F1-2
783,5178.24,5183.15,F1-2,NERA3776
784,5183.75,5187.88,NERA3776,F1-2
785,5188.4,5191.61,F1-2,DAL589
786,5192.76,5193.53,DAL589,F1-2
787,5225.77,5227.95,F1-2,ACA806
788,5228.21,5230.61,ACA806,F1-2
789,5231.27,5234.33,F1-2,NERA3768
790,5234.6,5236.59,NERA3768,F1-2
791,5236.62,5239.47,F1-2,DAL589
792,5239.53,5240.79,DAL589,F1-2
793,5241.49,5248.64,F1-2,NERA3776
794,5249.09,5253.61,NERA3776,F1-2
795,5254.54,5255.82,DAL440,F1-2
796,5256.08,5258.59,F1-2,DAL440
797,5258.91,5260.25,DAL440,F1-2
798,5261.8,5265.46,F1-2,NERA3768
799,5265.69,5267.0,NERA3768,F1-2
800,5283.42,5286.2,COA1234,F1-2
801,5286.28,5289.42,F1-2,ACA806
802,5290.12,5293.45,ACA806,F1-2
803,5293.63,5297.42,F1-2,COA1234
804,5297.58,5299.82,COA1234,F1-2
805,5327.86,5331.2,F1-2,COA1234
806,5331.46,5333.11,COA1234,F1-2
807,5333.3,5335.96,F1-2,NERA3768
808,5336.15,5337.4,NERA3768,F1-2
809,5337.68,5339.56,F1-2,DAL440
810,5339.77,5340.72,DAL440,F1-2
811,5341.08,5347.81,F1-2,ACA806
812,5348.47,5353.93,ACA806,F1-2
813,5378.73,5381.02,F1-2,DAL440
814,5383.15,5384.49,DAL440,F1-2
815,5389.46,5392.74,F1-2,COA1234
816,5392.73,5395.51,COA1234,F1-2
817,5414.12,5417.4,F1-2,NERA3776
818,5418.01,5419.63,NERA3776,F1-2
819,5420.85,5422.78,F1-2,DAL440
820,5423.06,5424.35,DAL440,F1-2
821,5434.04,5437.14,F1-2,COA1234
822,5437.93,5440.91,COA1234,F1-2
823,5442.36,5445.2,F1-2,DAL440
824,5445.52,5447.4,DAL440,F1-2
825,5460.6,5463.26,F1-2,ACA806
826,5463.62,5465.63,ACA806,F1-2
827,5468.23,5471.66,F1-2,COA1234
828,5471.85,5474.88,COA1234,F1-2
829,5475.15,5479.61,F1-2,DAL440
830,5479.78,5480.86,DAL440,F1-2
831,5487.13,5492.21,F1-2,DAL440
832,5492.61,5496.36,DAL440,F1-2
833,5514.03,5520.31,F1-2,COA1234
834,5520.33,5521.91,COA1234,F1-2
835,5522.93,5525.83,TWA754,F1-2
836,5525.85,5529.71,F1-2,TWA754
837,5530.69,5535.36,TWA754,F1-2
838,5586.91,5589.43,F1-2,TWA754
839,5590.35,5593.25,TWA754,F1-2
840,5593.5,5596.48,F1-2,COA1234
841,5596.38,5597.49,COA1234,F1-2
842,5599.69,5601.42,UAL352,F1-2
843,5601.6,5604.22,F1-2,UAL352
844,5604.5,5606.33,UAL352,F1-2
845,5611.04,5613.39,F1-2,TWA754
846,5613.94,5616.71,TWA754,F1-2
847,5643.88,5647.18,F1-2,DAL440
848,5648.54,5649.52,DAL440,F1-2
849,5649.64,5652.9,F1-2,TWA754
850,5653.91,5657.44,TWA754,F1-2
851,5666.06,5668.05,F1-2,UAL352
852,5668.53,5670.48,UAL352,F1-2
853,5673.67,5680.42,F1-2,TWA754
854,5681.01,5684.62,TWA754,F1-2
855,5702.42,5704.93,F1-2,UAL352
856,5705.5,5707.42,UAL352,F1-2
857,5710.05,5712.39,F1-2,DAL440
858,5712.49,5713.22,DAL440,F1-2
859,5769.69,5777.32,F1-2,UAL352
860,5778.22,5782.98,UAL352,F1-2
861,5795.45,5801.82,VIR011,F1-2
862,5801.84,5806.51,F1-2,VIR011
863,5807.4,5811.24,VIR011,F1-2
864,5848.94,5852.1,F1-2,TWA754
865,5853.09,5855.84,TWA754,F1-2
866,5857.3,5858.16,F1-2,TWA754
867,5859.2,5861.25,TWA810,F1-2
868,5861.26,5863.36,F1-2,TWA810
869,5876.03,5879.7,F1-2,TWA810
870,5881.85,5882.32,TWA810,F1-2
871,5887.0,5889.96,F1-2,UAL352
872,5890.43,5892.69,UAL352,F1-2
873,5907.63,5911.49,F1-2,TWA810
874,5916.69,5920.56,TWA810,F1-2
875,5930.41,5932.8,F1-2,TWA810
876,5934.02,5935.69,TWA810,F1-2
877,5935.71,5937.13,F1-2,VIR011
878,5938.03,5939.89,VIR011,F1-2
879,5940.02,5945.27,F1-2,VIR011
880,5945.44,5946.87,VIR011,F1-2
881,5950.03,5952.03,F1-2,TWA810
882,5953.28,5955.0,TWA810,F1-2
883,5968.67,5971.15,F1-2,TWA810
884,5971.46,5972.74,TWA810,F1-2
885,5974.1,5978.11,F1-2,VIR011
886,5978.31,5981.78,VIR011,F1-2
887,6004.22,6006.49,F1-2,TWA810
888,6006.7,6008.09,TWA810,F1-2
889,6009.02,6011.51,N308EL,F1-2
890,6011.93,6018.0,F1-2,N308EL
891,6018.44,6019.39,N308EL,F1-2
892,6022.55,6028.75,F1-2,TWA810
893,6029.08,6031.74,TWA810,F1-2
894,6031.97,6036.1,F1-2,TWA810
895,6036.4,6037.0,TWA810,F1-2
896,6039.46,6050.63,F1-2,VIR011
897,6050.7,6052.47,VIR011,F1-2
898,6059.11,6061.3,F1-2,N308EL
899,6061.7,6064.16,N308EL,F1-2
900,6066.59,6070.43,F1-2,TWA810
901,6070.69,6071.76,TWA810,F1-2
902,6075.06,6077.54,NWA46,F1-2
903,6077.97,6080.76,F1-2,NWA46
904,6081.33,6082.26,NWA46,F1-2
905,6090.05,6093.99,F1-2,VIR011
906,6094.31,6095.63,VIR011,F1-2
907,6095.92,6099.32,F1-2,TWA810
908,6099.49,6100.62,TWA810,F1-2
909,6107.25,6111.13,USA1910,F1-2
910,6111.27,6115.34,F1-2,USA1910
911,6115.83,6116.36,USA1910,F1-2
912,6122.13,6125.77,F1-2,NWA46
913,6126.05,6129.84,NWA46,F1-2
914,6139.05,6142.55,F1-2,N308EL
915,6142.99,6145.66,N308EL,F1-2
916,6164.6,6167.75,F1-2,VIR011
917,6167.74,6170.41,VIR011,F1-2
918,6171.44,6173.52,F1-2,USA1910
919,6173.98,6175.57,USA1910,F1-2
920,6176.74,6178.93,F1-2,NWA46
921,6179.44,6181.08,NWA46,F1-2
922,6181.75,6184.39,USA1617,F1-2
923,6184.57,6186.63,F1-2,USA1617
924,6196.42,6199.5,F1-2,NWA46
925,6200.28,6202.96,NWA46,F1-2
926,6202.9,6205.02,F1-2,N308EL
927,6205.29,6206.98,N308EL,F1-2
928,6216.77,6227.03,F1-2,N308EL
929,6228.04,6234.07,N308EL,F1-2
930,6240.81,6243.1,F1-2,NWA46
931,6243.07,6245.44,NWA330,F1-2
932,6245.48,6247.65,F1-2,NWA46
933,6247.79,6249.58,NWA46,F1-2
934,6249.52,6251.41,F1-2,NWA330
935,6252.71,6256.82,F1-2,USA1910
936,6256.89,6259.88,USA1910,F1-2
937,6259.98,6264.31,F1-2,N308EL
938,6265.0,6266.12,N308EL,F1-2
939,6275.61,6277.78,F1-2,NWA330
940,6278.71,6280.8,NWA330,F1-2
941,6292.89,6295.09,F1-2,USA1910
942,6295.42,6297.23,USA1910,F1-2
943,6298.93,6302.0,F1-2,NWA46
944,6302.29,6305.26,NWA46,F1-2
945,6305.3,6308.91,F1-2,USA1617
946,6309.17,6312.53,USA1617,F1-2
947,6312.55,6317.94,F1-2,NWA46
948,6318.72,6323.24,NWA46,F1-2
949,6323.28,6330.18,F1-2,USA1910
950,6330.53,6333.31,USA1910,F1-2
951,6334.1,6338.07,F1-2,NWA46
952,6338.2,6339.0,NWA46,F1-2
953,6339.27,6341.55,F1-2,NWA330
954,6341.83,6344.46,NWA330,F1-2
955,6349.58,6352.93,F1-2,N308EL
956,6354.1,6355.73,N308EL,F1-2
957,6356.22,6360.0,F1-2,USA1617
958,6360.92,6365.23,USA1617,F1-2
959,6386.02,6388.19,F1-2,NWA330
960,6389.2,6390.97,NWA330,F1-2
961,6415.73,6420.19,F1-2,ALL
962,6423.68,6424.62,UNK,F1-2
963,6425.13,6425.66,F1-2,UNK
964,6428.29,6431.97,F1-2,USA1617
965,6432.73,6435.76,USA1617,F1-2
966,6435.94,6439.09,F1-2,NWA46
967,6439.18,6441.27,NWA46,F1-2
968,6441.28,6448.36,F1-2,USA1617
969,6449.02,6453.41,USA1617,F1-2
970,6472.1,6474.48,F1-2,NWA330
971,6474.9,6476.78,NWA330,F1-2
972,6519.02,6522.0,F1-2,NWA330
973,6523.42,6527.77,NWA330,F1-2
974,6549.1,6550.9,USA1910,F1-2
975,6551.36,6556.01,F1-2,NWA330
976,6557.45,6566.19,NWA330,F1-2
977,6566.46,6569.26,F1-2,USA1910
978,6573.29,6574.68,F1-2,USA1910
979,6586.28,6590.55,TPS1090,F1-2
980,6590.47,6592.93,F1-2,TPS1090
981,6593.21,6594.95,TPS1090,F1-2
982,6640.74,6643.3,F1-2,USA1617
983,6643.39,6644.97,USA1617,F1-2
984,6659.65,6663.46,F1-2,NWA330
985,6664.15,6665.89,NWA330,F1-2
986,6709.08,6711.7,F1-2,NWA330
987,6712.42,6714.66,NWA330,F1-2
988,6714.73,6715.65,F1-2,NWA330
989,6727.53,6729.67,F1-2,TPS1090
990,6729.82,6731.57,TPS1090,F1-2
991,6772.42,6778.43,F1-2,TPS1090
992,6778.99,6782.37,TPS1090,F1-2
993,6939.71,6941.87,F1-3,TPS1090
994,6942.03,6943.21,TPS1090,F1-3
995,7076.12,7080.2,GAA465,F1-3
996,7081.05,7083.75,F1-3,GAA465
997,7084.28,7085.85,GAA465,F1-3
998,7085.96,7087.15,F1-3,GAA465
999,7087.28,7090.5,PAA6540,F1-3
1000,7090.69,7095.49,F1-3,PAA6540
1001,7095.63,7098.37,PAA6540,F1-3
1002,7102.43,7114.35,F1-3,GAA465
1003,7114.42,7117.03,GAA465,F1-3
1004,7138.24,7142.04,GAA465,F1-3
1005,7142.42,7146.73,F1-3,GAA465
1006,7147.36,7149.57,GAA465,F1-3
1007,7166.53,7169.6,F1-3,PAA6540
1008,7169.97,7172.12,PAA6540,F1-3
1009,7185.2,7188.31,F1-3,GAA465
1010,7188.78,7190.95,GAA465,F1-3
1011,7205.76,7209.03,F1-3,PAA6540
1012,7209.82,7211.92,PAA6540,F1-3
1013,7217.31,7224.41,F1-3,PAA6540
1014,7224.83,7226.1,PAA6540,F1-3
1015,7228.37,7234.25,F1-3,GAA465
1016,7234.52,7237.85,GAA465,F1-3
1017,7237.84,7239.87,F1-3,GAA465
1018,7240.07,7240.75,GAA465,F1-3
1019,7245.4,7248.33,F1-3,PAA6540
1020,7249.12,7251.13,PAA6540,F1-3
1021,7276.92,7280.74,F1-3,PAA6540
1022,7281.63,7284.97,PAA6540,F1-3
1023,7285.18,7292.26,F1-3,GAA465
1024,7292.36,7297.41,GAA465,F1-3
1025,7299.76,7310.12,F1-3,PAA6540
1026,7312.15,7315.59,PAA6540,F1-3
1027,7340.17,7346.03,F1-3,PAA6540
